{"cameraMode":{"drawMode":0,"name":"Shaded","section":"Shading Mode"},"sceneLighting":true,"audioPlay":false,"sceneViewState":{"showFog":true,"showMaterialUpdate":false,"showSkybox":true,"showFlares":true,"showImageEffects":true,"showParticleSystems":true},"in2DMode":false,"pivot":{"x":42.150779724121097,"y":4.149999618530273,"z":-97.2300033569336},"rotation":{"x":0.47543326020240786,"y":-0.036939699202775958,"z":0.019967051222920419,"w":0.8788204789161682},"size":6.353979110717773,"orthographic":true}