{"cameraMode":{"drawMode":0,"name":"Shaded","section":"Shading Mode"},"sceneLighting":true,"audioPlay":false,"sceneViewState":{"showFog":true,"showMaterialUpdate":false,"showSkybox":true,"showFlares":true,"showImageEffects":true,"showParticleSystems":true},"in2DMode":false,"pivot":{"x":12.313974380493164,"y":6.523766994476318,"z":-33.813629150390628},"rotation":{"x":-0.4106014370918274,"y":0.18604318797588349,"z":-0.08596954494714737,"w":-0.8884897828102112},"size":8.319061279296875,"orthographic":false}