{"cameraMode":{"drawMode":0,"name":"Shaded","section":"Shading Mode"},"sceneLighting":true,"audioPlay":false,"sceneViewState":{"showFog":true,"showMaterialUpdate":false,"showSkybox":true,"showFlares":true,"showImageEffects":true,"showParticleSystems":true},"in2DMode":false,"pivot":{"x":6.287306785583496,"y":3.8747663497924806,"z":-92.79691314697266},"rotation":{"x":0.20204193890094758,"y":-0.07191164791584015,"z":0.01487660687416792,"w":0.9766255021095276},"size":3.1743075847625734,"orthographic":false}