{"cameraMode":{"drawMode":0,"name":"Shaded","section":"Shading Mode"},"sceneLighting":true,"audioPlay":false,"sceneViewState":{"showFog":true,"showMaterialUpdate":false,"showSkybox":true,"showFlares":true,"showImageEffects":true,"showParticleSystems":true},"in2DMode":false,"pivot":{"x":39.9647331237793,"y":2.6564743518829347,"z":-95.52936553955078},"rotation":{"x":0.3135516345500946,"y":-0.5460161566734314,"z":0.23078884184360505,"w":0.7418367862701416},"size":1.4623098373413087,"orthographic":false}