{"cameraMode":{"drawMode":0,"name":"Shaded","section":"Shading Mode"},"sceneLighting":true,"audioPlay":false,"sceneViewState":{"showFog":true,"showMaterialUpdate":false,"showSkybox":true,"showFlares":true,"showImageEffects":true,"showParticleSystems":true},"in2DMode":false,"pivot":{"x":13.388221740722657,"y":-5.901691436767578,"z":-71.48402404785156},"rotation":{"x":0.48392486572265627,"y":0.5160142779350281,"z":-0.49380365014076235,"w":0.505713701248169},"size":34.92454147338867,"orthographic":false}