{"cameraMode":{"drawMode":0,"name":"Shaded","section":"Shading Mode"},"sceneLighting":true,"audioPlay":false,"sceneViewState":{"showFog":true,"showMaterialUpdate":false,"showSkybox":true,"showFlares":true,"showImageEffects":true,"showParticleSystems":true},"in2DMode":false,"pivot":{"x":-1.635377049446106,"y":-4.519939422607422,"z":7.173431396484375},"rotation":{"x":-0.18079306185245515,"y":0.013864635489881039,"z":-0.0025480808690190317,"w":-0.9834300875663757},"size":20.442319869995118,"orthographic":false}