{"cameraMode":{"drawMode":0,"name":"Shaded","section":"Shading Mode"},"sceneLighting":true,"audioPlay":false,"sceneViewState":{"showFog":true,"showMaterialUpdate":false,"showSkybox":true,"showFlares":true,"showImageEffects":true,"showParticleSystems":true},"in2DMode":false,"pivot":{"x":41.75835418701172,"y":6.151621341705322,"z":-51.12578582763672},"rotation":{"x":-0.19645079970359803,"y":-0.7817097902297974,"z":0.5093629956245422,"w":-0.3014913499355316},"size":8.30645751953125,"orthographic":false}