{"cameraMode":{"drawMode":0,"name":"Shaded","section":"Shading Mode"},"sceneLighting":true,"audioPlay":false,"sceneViewState":{"showFog":true,"showMaterialUpdate":false,"showSkybox":true,"showFlares":true,"showImageEffects":true,"showParticleSystems":true},"in2DMode":false,"pivot":{"x":34.400001525878909,"y":1.7769999504089356,"z":-54.5},"rotation":{"x":-0.33760184049606326,"y":0.3192962110042572,"z":-0.12292524427175522,"w":-0.8769097328186035},"size":9.892210006713868,"orthographic":false}