{"cameraMode":{"drawMode":0,"name":"Shaded","section":"Shading Mode"},"sceneLighting":true,"audioPlay":false,"sceneViewState":{"showFog":true,"showMaterialUpdate":false,"showSkybox":true,"showFlares":true,"showImageEffects":true,"showParticleSystems":true},"in2DMode":false,"pivot":{"x":22.65022850036621,"y":6.151618957519531,"z":-60.08562469482422},"rotation":{"x":-0.0964849665760994,"y":-0.8469041585922241,"z":0.1646331548690796,"w":-0.49633151292800906},"size":0.6893528699874878,"orthographic":false}