{"cameraMode":{"drawMode":0,"name":"Shaded","section":"Shading Mode"},"sceneLighting":true,"audioPlay":false,"sceneViewState":{"showFog":true,"showMaterialUpdate":false,"showSkybox":true,"showFlares":true,"showImageEffects":true,"showParticleSystems":true},"in2DMode":false,"pivot":{"x":2.051396369934082,"y":-8.759943962097168,"z":-88.0748519897461},"rotation":{"x":-0.0766976848244667,"y":0.8503230214118958,"z":-0.5045333504676819,"w":-0.12938913702964784},"size":11.681013107299805,"orthographic":false}