{"cameraMode":{"drawMode":0,"name":"Shaded","section":"Shading Mode"},"sceneLighting":true,"audioPlay":false,"sceneViewState":{"showFog":true,"showMaterialUpdate":false,"showSkybox":true,"showFlares":true,"showImageEffects":true,"showParticleSystems":true},"in2DMode":false,"pivot":{"x":76.18173217773438,"y":15.929963111877442,"z":-51.5968132019043},"rotation":{"x":0.19202937185764314,"y":0.6495656967163086,"z":-0.17454031109809876,"w":0.7146658301353455},"size":49.06828689575195,"orthographic":false}