{"cameraMode":{"drawMode":0,"name":"Shaded","section":"Shading Mode"},"sceneLighting":true,"audioPlay":false,"sceneViewState":{"showFog":true,"showMaterialUpdate":false,"showSkybox":true,"showFlares":true,"showImageEffects":true,"showParticleSystems":true},"in2DMode":false,"pivot":{"x":21.082212448120118,"y":23.610923767089845,"z":-40.327186584472659},"rotation":{"x":-0.008234560489654541,"y":-0.979715883731842,"z":-0.041172273457050326,"w":0.19594576954841615},"size":8.622492790222168,"orthographic":false}