{"cameraMode":{"drawMode":0,"name":"Shaded","section":"Shading Mode"},"sceneLighting":true,"audioPlay":false,"sceneViewState":{"showFog":true,"showMaterialUpdate":false,"showSkybox":true,"showFlares":true,"showImageEffects":true,"showParticleSystems":true},"in2DMode":false,"pivot":{"x":34.12152862548828,"y":-0.9700918197631836,"z":-55.92791748046875},"rotation":{"x":0.15166863799095155,"y":-0.8166742324829102,"z":0.24860556423664094,"w":0.49823397397994997},"size":5.811678886413574,"orthographic":false}