{"cameraMode":{"drawMode":0,"name":"Shaded","section":"Shading Mode"},"sceneLighting":false,"audioPlay":false,"sceneViewState":{"showFog":true,"showMaterialUpdate":false,"showSkybox":false,"showFlares":true,"showImageEffects":true,"showParticleSystems":true},"in2DMode":false,"pivot":{"x":0.0,"y":4.74896240234375,"z":-0.0019054412841796876},"rotation":{"x":0.40721550583839419,"y":-0.4007037580013275,"z":0.20661650598049165,"w":0.7948141098022461},"size":5.937427043914795,"orthographic":false}