{"cameraMode":{"drawMode":0,"name":"Shaded","section":"Shading Mode"},"sceneLighting":true,"audioPlay":false,"sceneViewState":{"showFog":true,"showMaterialUpdate":false,"showSkybox":true,"showFlares":true,"showImageEffects":true,"showParticleSystems":true},"in2DMode":false,"pivot":{"x":78.5850601196289,"y":9.043585777282715,"z":-29.028181076049806},"rotation":{"x":-0.04629991948604584,"y":0.5131457448005676,"z":0.027740394696593286,"w":0.8566117882728577},"size":27.127233505249025,"orthographic":false}