{"cameraMode":{"drawMode":0,"name":"Shaded","section":"Shading Mode"},"sceneLighting":false,"audioPlay":false,"sceneViewState":{"showFog":true,"showMaterialUpdate":false,"showSkybox":false,"showFlares":true,"showImageEffects":true,"showParticleSystems":true},"in2DMode":false,"pivot":{"x":43.25701141357422,"y":-3.7899999618530275,"z":-49.23407745361328},"rotation":{"x":-0.033149950206279758,"y":0.675244927406311,"z":0.030409706756472589,"w":0.7362344861030579},"size":0.17320340871810914,"orthographic":false}