{"cameraMode":{"drawMode":0,"name":"Shaded","section":"Shading Mode"},"sceneLighting":true,"audioPlay":false,"sceneViewState":{"showFog":true,"showMaterialUpdate":false,"showSkybox":true,"showFlares":true,"showImageEffects":true,"showParticleSystems":true},"in2DMode":false,"pivot":{"x":48.65724182128906,"y":-1.4955767393112183,"z":-51.02225875854492},"rotation":{"x":0.48272421956062319,"y":-0.025738827884197236,"z":0.014195257797837258,"w":0.8752807378768921},"size":42.74129867553711,"orthographic":false}