{"cameraMode":{"drawMode":0,"name":"Shaded","section":"Shading Mode"},"sceneLighting":true,"audioPlay":false,"sceneViewState":{"showFog":true,"showMaterialUpdate":false,"showSkybox":true,"showFlares":true,"showImageEffects":true,"showParticleSystems":true},"in2DMode":false,"pivot":{"x":41.93107604980469,"y":24.067729949951173,"z":-92.15139770507813},"rotation":{"x":-0.3479072153568268,"y":0.6221358776092529,"z":-0.35936564207077029,"w":-0.6022999286651611},"size":5.21112060546875,"orthographic":false}