{"cameraMode":{"drawMode":0,"name":"Shaded","section":"Shading Mode"},"sceneLighting":true,"audioPlay":false,"sceneViewState":{"showFog":true,"showMaterialUpdate":false,"showSkybox":true,"showFlares":true,"showImageEffects":true,"showParticleSystems":true},"in2DMode":false,"pivot":{"x":41.43498611450195,"y":15.72071647644043,"z":-40.172019958496097},"rotation":{"x":-0.0936625525355339,"y":0.21160471439361573,"z":0.020378103479743005,"w":0.9726545214653015},"size":16.924205780029298,"orthographic":false}